index,subscribed
37069,0
37070,1
37071,0
37072,1
37073,0
37074,1
37075,0
37076,1
37077,0
37078,1
37079,0
37080,1
37081,0
37082,1
37083,0
37084,1
37085,0
37086,1
37087,0
37088,1
37089,0
37090,1
37091,0
37092,1
37093,0
37094,1
37095,0
37096,1
37097,0
37098,1
37099,0
37100,1
37101,0
37102,1
37103,0
37104,1
37105,0
37106,1
37107,0
37108,1
37109,0
37110,1
37111,0
37112,1
37113,0
37114,1
37115,0
37116,1
37117,0
37118,1
37119,0
37120,1
37121,0
37122,1
37123,0
37124,1
37125,0
37126,1
37127,0
37128,1
37129,0
37130,1
37131,0
37132,1
37133,0
37134,1
37135,0
37136,1
37137,0
37138,1
37139,0
37140,1
37141,0
37142,1
37143,0
37144,1
37145,0
37146,1
37147,0
37148,1
37149,0
37150,1
37151,0
37152,1
37153,0
37154,1
37155,0
37156,1
37157,0
37158,1
37159,0
37160,1
37161,0
37162,1
37163,0
37164,1
37165,0
37166,1
37167,0
37168,1
37169,0
37170,1
37171,0
37172,1
37173,0
37174,1
37175,0
37176,1
37177,0
37178,1
37179,0
37180,1
37181,0
37182,1
37183,0
37184,1
37185,0
37186,1
37187,0
37188,1
37189,0
37190,1
37191,0
37192,1
37193,0
37194,1
37195,0
37196,1
37197,0
37198,1
37199,0
37200,1
37201,0
37202,1
37203,0
37204,1
37205,0
37206,1
37207,0
37208,1
37209,0
37210,1
37211,0
37212,1
37213,0
37214,1
37215,0
37216,1
37217,0
37218,1
37219,0
37220,1
37221,0
37222,1
37223,0
37224,1
37225,0
37226,1
37227,0
37228,1
37229,0
37230,1
37231,0
37232,1
37233,0
37234,1
37235,0
37236,1
37237,0
37238,1
37239,0
37240,1
37241,0
37242,1
37243,0
37244,1
37245,0
37246,1
37247,0
37248,1
37249,0
37250,1
37251,0
37252,1
37253,0
37254,1
37255,0
37256,1
37257,0
37258,1
37259,0
37260,1
37261,0
37262,1
37263,0
37264,1
37265,0
37266,1
37267,0
37268,1
37269,0
37270,1
37271,0
37272,1
37273,0
37274,1
37275,0
37276,1
37277,0
37278,1
37279,0
37280,1
37281,0
37282,1
37283,0
37284,1
37285,0
37286,1
37287,0
37288,1
37289,0
37290,1
37291,0
37292,1
37293,0
37294,1
37295,0
37296,1
37297,0
37298,1
37299,0
37300,1
37301,0
37302,1
37303,0
37304,1
37305,0
37306,1
37307,0
37308,1
37309,0
37310,1
37311,0
37312,1
37313,0
37314,1
37315,0
37316,1
37317,0
37318,1
37319,0
37320,1
37321,0
37322,1
37323,0
37324,1
37325,0
37326,1
37327,0
37328,1
37329,0
37330,1
37331,0
37332,1
37333,0
37334,1
37335,0
37336,1
37337,0
37338,1
37339,0
37340,1
37341,0
37342,1
37343,0
37344,1
37345,0
37346,1
37347,0
37348,1
37349,0
37350,1
37351,0
37352,1
37353,0
37354,1
37355,0
37356,1
37357,0
37358,1
37359,0
37360,1
37361,0
37362,1
37363,0
37364,1
37365,0
37366,1
37367,0
37368,1
37369,0
37370,1
37371,0
37372,1
37373,0
37374,1
37375,0
37376,1
37377,0
37378,1
37379,0
37380,1
37381,0
37382,1
37383,0
37384,1
37385,0
37386,1
37387,0
37388,1
37389,0
37390,1
37391,0
37392,1
37393,0
37394,1
37395,0
37396,1
37397,0
37398,1
37399,0
37400,1
37401,0
37402,1
37403,0
37404,1
37405,0
37406,1
37407,0
37408,1
37409,0
37410,1
37411,0
37412,1
37413,0
37414,1
37415,0
37416,1
37417,0
37418,1
37419,0
37420,1
37421,0
37422,1
37423,0
37424,1
37425,0
37426,1
37427,0
37428,1
37429,0
37430,1
37431,0
37432,1
37433,0
37434,1
37435,0
37436,1
37437,0
37438,1
37439,0
37440,1
37441,0
37442,1
37443,0
37444,1
37445,0
37446,1
37447,0
37448,1
37449,0
37450,1
37451,0
37452,1
37453,0
37454,1
37455,0
37456,1
37457,0
37458,1
37459,0
37460,1
37461,0
37462,1
37463,0
37464,1
37465,0
37466,1
37467,0
37468,1
37469,0
37470,1
37471,0
37472,1
37473,0
37474,1
37475,0
37476,1
37477,0
37478,1
37479,0
37480,1
37481,0
37482,1
37483,0
37484,1
37485,0
37486,1
37487,0
37488,1
37489,0
37490,1
37491,0
37492,1
37493,0
37494,1
37495,0
37496,1
37497,0
37498,1
37499,0
37500,1
37501,0
37502,1
37503,0
37504,1
37505,0
37506,1
37507,0
37508,1
37509,0
37510,1
37511,0
37512,1
37513,0
37514,1
37515,0
37516,1
37517,0
37518,1
37519,0
37520,1
37521,0
37522,1
37523,0
37524,1
37525,0
37526,1
37527,0
37528,1
37529,0
37530,1
37531,0
37532,1
37533,0
37534,1
37535,0
37536,1
37537,0
37538,1
37539,0
37540,1
37541,0
37542,1
37543,0
37544,1
37545,0
37546,1
37547,0
37548,1
37549,0
37550,1
37551,0
37552,1
37553,0
37554,1
37555,0
37556,1
37557,0
37558,1
37559,0
37560,1
37561,0
37562,1
37563,0
37564,1
37565,0
37566,1
37567,0
37568,1
37569,0
37570,1
37571,0
37572,1
37573,0
37574,1
37575,0
37576,1
37577,0
37578,1
37579,0
37580,1
37581,0
37582,1
37583,0
37584,1
37585,0
37586,1
37587,0
37588,1
37589,0
37590,1
37591,0
37592,1
37593,0
37594,1
37595,0
37596,1
37597,0
37598,1
37599,0
37600,1
37601,0
37602,1
37603,0
37604,1
37605,0
37606,1
37607,0
37608,1
37609,0
37610,1
37611,0
37612,1
37613,0
37614,1
37615,0
37616,1
37617,0
37618,1
37619,0
37620,1
37621,0
37622,1
37623,0
37624,1
37625,0
37626,1
37627,0
37628,1
37629,0
37630,1
37631,0
37632,1
37633,0
37634,1
37635,0
37636,1
37637,0
37638,1
37639,0
37640,1
37641,0
37642,1
37643,0
37644,1
37645,0
37646,1
37647,0
37648,1
37649,0
37650,1
37651,0
37652,1
37653,0
37654,1
37655,0
37656,1
37657,0
37658,1
37659,0
37660,1
37661,0
37662,1
37663,0
37664,1
37665,0
37666,1
37667,0
37668,1
37669,0
37670,1
37671,0
37672,1
37673,0
37674,1
37675,0
37676,1
37677,0
37678,1
37679,0
37680,1
37681,0
37682,1
37683,0
37684,1
37685,0
37686,1
37687,0
37688,1
37689,0
37690,1
37691,0
37692,1
37693,0
37694,1
37695,0
37696,1
37697,0
37698,1
37699,0
37700,1
37701,0
37702,1
37703,0
37704,1
37705,0
37706,1
37707,0
37708,1
37709,0
37710,1
37711,0
37712,1
37713,0
37714,1
37715,0
37716,1
37717,0
37718,1
37719,0
37720,1
37721,0
37722,1
37723,0
37724,1
37725,0
37726,1
37727,0
37728,1
37729,0
37730,1
37731,0
37732,1
37733,0
37734,1
37735,0
37736,1
37737,0
37738,1
37739,0
37740,1
37741,0
37742,1
37743,0
37744,1
37745,0
37746,1
37747,0
37748,1
37749,0
37750,1
37751,0
37752,1
37753,0
37754,1
37755,0
37756,1
37757,0
37758,1
37759,0
37760,1
37761,0
37762,1
37763,0
37764,1
37765,0
37766,1
37767,0
37768,1
37769,0
37770,1
37771,0
37772,1
37773,0
37774,1
37775,0
37776,1
37777,0
37778,1
37779,0
37780,1
37781,0
37782,1
37783,0
37784,1
37785,0
37786,1
37787,0
37788,1
37789,0
37790,1
37791,0
37792,1
37793,0
37794,1
37795,0
37796,1
37797,0
37798,1
37799,0
37800,1
37801,0
37802,1
37803,0
37804,1
37805,0
37806,1
37807,0
37808,1
37809,0
37810,1
37811,0
37812,1
37813,0
37814,1
37815,0
37816,1
37817,0
37818,1
37819,0
37820,1
37821,0
37822,1
37823,0
37824,1
37825,0
37826,1
37827,0
37828,1
37829,0
37830,1
37831,0
37832,1
37833,0
37834,1
37835,0
37836,1
37837,0
37838,1
37839,0
37840,1
37841,0
37842,1
37843,0
37844,1
37845,0
37846,1
37847,0
37848,1
37849,0
37850,1
37851,0
37852,1
37853,0
37854,1
37855,0
37856,1
37857,0
37858,1
37859,0
37860,1
37861,0
37862,1
37863,0
37864,1
37865,0
37866,1
37867,0
37868,1
37869,0
37870,1
37871,0
37872,1
37873,0
37874,1
37875,0
37876,1
37877,0
37878,1
37879,0
37880,1
37881,0
37882,1
37883,0
37884,1
37885,0
37886,1
37887,0
37888,1
37889,0
37890,1
37891,0
37892,1
37893,0
37894,1
37895,0
37896,1
37897,0
37898,1
37899,0
37900,1
37901,0
37902,1
37903,0
37904,1
37905,0
37906,1
37907,0
37908,1
37909,0
37910,1
37911,0
37912,1
37913,0
37914,1
37915,0
37916,1
37917,0
37918,1
37919,0
37920,1
37921,0
37922,1
37923,0
37924,1
37925,0
37926,1
37927,0
37928,1
37929,0
37930,1
37931,0
37932,1
37933,0
37934,1
37935,0
37936,1
37937,0
37938,1
37939,0
37940,1
37941,0
37942,1
37943,0
37944,1
37945,0
37946,1
37947,0
37948,1
37949,0
37950,1
37951,0
37952,1
37953,0
37954,1
37955,0
37956,1
37957,0
37958,1
37959,0
37960,1
37961,0
37962,1
37963,0
37964,1
37965,0
37966,1
37967,0
37968,1
37969,0
37970,1
37971,0
37972,1
37973,0
37974,1
37975,0
37976,1
37977,0
37978,1
37979,0
37980,1
37981,0
37982,1
37983,0
37984,1
37985,0
37986,1
37987,0
37988,1
37989,0
37990,1
37991,0
37992,1
37993,0
37994,1
37995,0
37996,1
37997,0
37998,1
37999,0
38000,1
38001,0
38002,1
38003,0
38004,1
38005,0
38006,1
38007,0
38008,1
38009,0
38010,1
38011,0
38012,1
38013,0
38014,1
38015,0
38016,1
38017,0
38018,1
38019,0
38020,1
38021,0
38022,1
38023,0
38024,1
38025,0
38026,1
38027,0
38028,1
38029,0
38030,1
38031,0
38032,1
38033,0
38034,1
38035,0
38036,1
38037,0
38038,1
38039,0
38040,1
38041,0
38042,1
38043,0
38044,1
38045,0
38046,1
38047,0
38048,1
38049,0
38050,1
38051,0
38052,1
38053,0
38054,1
38055,0
38056,1
38057,0
38058,1
38059,0
38060,1
38061,0
38062,1
38063,0
38064,1
38065,0
38066,1
38067,0
38068,1
38069,0
38070,1
38071,0
38072,1
38073,0
38074,1
38075,0
38076,1
38077,0
38078,1
38079,0
38080,1
38081,0
38082,1
38083,0
38084,1
38085,0
38086,1
38087,0
38088,1
38089,0
38090,1
38091,0
38092,1
38093,0
38094,1
38095,0
38096,1
38097,0
38098,1
38099,0
38100,1
38101,0
38102,1
38103,0
38104,1
38105,0
38106,1
38107,0
38108,1
38109,0
38110,1
38111,0
38112,1
38113,0
38114,1
38115,0
38116,1
38117,0
38118,1
38119,0
38120,1
38121,0
38122,1
38123,0
38124,1
38125,0
38126,1
38127,0
38128,1
38129,0
38130,1
38131,0
38132,1
38133,0
38134,1
38135,0
38136,1
38137,0
38138,1
38139,0
38140,1
38141,0
38142,1
38143,0
38144,1
38145,0
38146,1
38147,0
38148,1
38149,0
38150,1
38151,0
38152,1
38153,0
38154,1
38155,0
38156,1
38157,0
38158,1
38159,0
38160,1
38161,0
38162,1
38163,0
38164,1
38165,0
38166,1
38167,0
38168,1
38169,0
38170,1
38171,0
38172,1
38173,0
38174,1
38175,0
38176,1
38177,0
38178,1
38179,0
38180,1
38181,0
38182,1
38183,0
38184,1
38185,0
38186,1
38187,0
38188,1
38189,0
38190,1
38191,0
38192,1
38193,0
38194,1
38195,0
38196,1
38197,0
38198,1
38199,0
38200,1
38201,0
38202,1
38203,0
38204,1
38205,0
38206,1
38207,0
38208,1
38209,0
38210,1
38211,0
38212,1
38213,0
38214,1
38215,0
38216,1
38217,0
38218,1
38219,0
38220,1
38221,0
38222,1
38223,0
38224,1
38225,0
38226,1
38227,0
38228,1
38229,0
38230,1
38231,0
38232,1
38233,0
38234,1
38235,0
38236,1
38237,0
38238,1
38239,0
38240,1
38241,0
38242,1
38243,0
38244,1
38245,0
38246,1
38247,0
38248,1
38249,0
38250,1
38251,0
38252,1
38253,0
38254,1
38255,0
38256,1
38257,0
38258,1
38259,0
38260,1
38261,0
38262,1
38263,0
38264,1
38265,0
38266,1
38267,0
38268,1
38269,0
38270,1
38271,0
38272,1
38273,0
38274,1
38275,0
38276,1
38277,0
38278,1
38279,0
38280,1
38281,0
38282,1
38283,0
38284,1
38285,0
38286,1
38287,0
38288,1
38289,0
38290,1
38291,0
38292,1
38293,0
38294,1
38295,0
38296,1
38297,0
38298,1
38299,0
38300,1
38301,0
38302,1
38303,0
38304,1
38305,0
38306,1
38307,0
38308,1
38309,0
38310,1
38311,0
38312,1
38313,0
38314,1
38315,0
38316,1
38317,0
38318,1
38319,0
38320,1
38321,0
38322,1
38323,0
38324,1
38325,0
38326,1
38327,0
38328,1
38329,0
38330,1
38331,0
38332,1
38333,0
38334,1
38335,0
38336,1
38337,0
38338,1
38339,0
38340,1
38341,0
38342,1
38343,0
38344,1
38345,0
38346,1
38347,0
38348,1
38349,0
38350,1
38351,0
38352,1
38353,0
38354,1
38355,0
38356,1
38357,0
38358,1
38359,0
38360,1
38361,0
38362,1
38363,0
38364,1
38365,0
38366,1
38367,0
38368,1
38369,0
38370,1
38371,0
38372,1
38373,0
38374,1
38375,0
38376,1
38377,0
38378,1
38379,0
38380,1
38381,0
38382,1
38383,0
38384,1
38385,0
38386,1
38387,0
38388,1
38389,0
38390,1
38391,0
38392,1
38393,0
38394,1
38395,0
38396,1
38397,0
38398,1
38399,0
38400,1
38401,0
38402,1
38403,0
38404,1
38405,0
38406,1
38407,0
38408,1
38409,0
38410,1
38411,0
38412,1
38413,0
38414,1
38415,0
38416,1
38417,0
38418,1
38419,0
38420,1
38421,0
38422,1
38423,0
38424,1
38425,0
38426,1
38427,0
38428,1
38429,0
38430,1
38431,0
38432,1
38433,0
38434,1
38435,0
38436,1
38437,0
38438,1
38439,0
38440,1
38441,0
38442,1
38443,0
38444,1
38445,0
38446,1
38447,0
38448,1
38449,0
38450,1
38451,0
38452,1
38453,0
38454,1
38455,0
38456,1
38457,0
38458,1
38459,0
38460,1
38461,0
38462,1
38463,0
38464,1
38465,0
38466,1
38467,0
38468,1
38469,0
38470,1
38471,0
38472,1
38473,0
38474,1
38475,0
38476,1
38477,0
38478,1
38479,0
38480,1
38481,0
38482,1
38483,0
38484,1
38485,0
38486,1
38487,0
38488,1
38489,0
38490,1
38491,0
38492,1
38493,0
38494,1
38495,0
38496,1
38497,0
38498,1
38499,0
38500,1
38501,0
38502,1
38503,0
38504,1
38505,0
38506,1
38507,0
38508,1
38509,0
38510,1
38511,0
38512,1
38513,0
38514,1
38515,0
38516,1
38517,0
38518,1
38519,0
38520,1
38521,0
38522,1
38523,0
38524,1
38525,0
38526,1
38527,0
38528,1
38529,0
38530,1
38531,0
38532,1
38533,0
38534,1
38535,0
38536,1
38537,0
38538,1
38539,0
38540,1
38541,0
38542,1
38543,0
38544,1
38545,0
38546,1
38547,0
38548,1
38549,0
38550,1
38551,0
38552,1
38553,0
38554,1
38555,0
38556,1
38557,0
38558,1
38559,0
38560,1
38561,0
38562,1
38563,0
38564,1
38565,0
38566,1
38567,0
38568,1
38569,0
38570,1
38571,0
38572,1
38573,0
38574,1
38575,0
38576,1
38577,0
38578,1
38579,0
38580,1
38581,0
38582,1
38583,0
38584,1
38585,0
38586,1
38587,0
38588,1
38589,0
38590,1
38591,0
38592,1
38593,0
38594,1
38595,0
38596,1
38597,0
38598,1
38599,0
38600,1
38601,0
38602,1
38603,0
38604,1
38605,0
38606,1
38607,0
38608,1
38609,0
38610,1
38611,0
38612,1
38613,0
38614,1
38615,0
38616,1
38617,0
38618,1
38619,0
38620,1
38621,0
38622,1
38623,0
38624,1
38625,0
38626,1
38627,0
38628,1
38629,0
38630,1
38631,0
38632,1
38633,0
38634,1
38635,0
38636,1
38637,0
38638,1
38639,0
38640,1
38641,0
38642,1
38643,0
38644,1
38645,0
38646,1
38647,0
38648,1
38649,0
38650,1
38651,0
38652,1
38653,0
38654,1
38655,0
38656,1
38657,0
38658,1
38659,0
38660,1
38661,0
38662,1
38663,0
38664,1
38665,0
38666,1
38667,0
38668,1
38669,0
38670,1
38671,0
38672,1
38673,0
38674,1
38675,0
38676,1
38677,0
38678,1
38679,0
38680,1
38681,0
38682,1
38683,0
38684,1
38685,0
38686,1
38687,0
38688,1
38689,0
38690,1
38691,0
38692,1
38693,0
38694,1
38695,0
38696,1
38697,0
38698,1
38699,0
38700,1
38701,0
38702,1
38703,0
38704,1
38705,0
38706,1
38707,0
38708,1
38709,0
38710,1
38711,0
38712,1
38713,0
38714,1
38715,0
38716,1
38717,0
38718,1
38719,0
38720,1
38721,0
38722,1
38723,0
38724,1
38725,0
38726,1
38727,0
38728,1
38729,0
38730,1
38731,0
38732,1
38733,0
38734,1
38735,0
38736,1
38737,0
38738,1
38739,0
38740,1
38741,0
38742,1
38743,0
38744,1
38745,0
38746,1
38747,0
38748,1
38749,0
38750,1
38751,0
38752,1
38753,0
38754,1
38755,0
38756,1
38757,0
38758,1
38759,0
38760,1
38761,0
38762,1
38763,0
38764,1
38765,0
38766,1
38767,0
38768,1
38769,0
38770,1
38771,0
38772,1
38773,0
38774,1
38775,0
38776,1
38777,0
38778,1
38779,0
38780,1
38781,0
38782,1
38783,0
38784,1
38785,0
38786,1
38787,0
38788,1
38789,0
38790,1
38791,0
38792,1
38793,0
38794,1
38795,0
38796,1
38797,0
38798,1
38799,0
38800,1
38801,0
38802,1
38803,0
38804,1
38805,0
38806,1
38807,0
38808,1
38809,0
38810,1
38811,0
38812,1
38813,0
38814,1
38815,0
38816,1
38817,0
38818,1
38819,0
38820,1
38821,0
38822,1
38823,0
38824,1
38825,0
38826,1
38827,0
38828,1
38829,0
38830,1
38831,0
38832,1
38833,0
38834,1
38835,0
38836,1
38837,0
38838,1
38839,0
38840,1
38841,0
38842,1
38843,0
38844,1
38845,0
38846,1
38847,0
38848,1
38849,0
38850,1
38851,0
38852,1
38853,0
38854,1
38855,0
38856,1
38857,0
38858,1
38859,0
38860,1
38861,0
38862,1
38863,0
38864,1
38865,0
38866,1
38867,0
38868,1
38869,0
38870,1
38871,0
38872,1
38873,0
38874,1
38875,0
38876,1
38877,0
38878,1
38879,0
38880,1
38881,0
38882,1
38883,0
38884,1
38885,0
38886,1
38887,0
38888,1
38889,0
38890,1
38891,0
38892,1
38893,0
38894,1
38895,0
38896,1
38897,0
38898,1
38899,0
38900,1
38901,0
38902,1
38903,0
38904,1
38905,0
38906,1
38907,0
38908,1
38909,0
38910,1
38911,0
38912,1
38913,0
38914,1
38915,0
38916,1
38917,0
38918,1
38919,0
38920,1
38921,0
38922,1
38923,0
38924,1
38925,0
38926,1
38927,0
38928,1
38929,0
38930,1
38931,0
38932,1
38933,0
38934,1
38935,0
38936,1
38937,0
38938,1
38939,0
38940,1
38941,0
38942,1
38943,0
38944,1
38945,0
38946,1
38947,0
38948,1
38949,0
38950,1
38951,0
38952,1
38953,0
38954,1
38955,0
38956,1
38957,0
38958,1
38959,0
38960,1
38961,0
38962,1
38963,0
38964,1
38965,0
38966,1
38967,0
38968,1
38969,0
38970,1
38971,0
38972,1
38973,0
38974,1
38975,0
38976,1
38977,0
38978,1
38979,0
38980,1
38981,0
38982,1
38983,0
38984,1
38985,0
38986,1
38987,0
38988,1
38989,0
38990,1
38991,0
38992,1
38993,0
38994,1
38995,0
38996,1
38997,0
38998,1
38999,0
39000,1
39001,0
39002,1
39003,0
39004,1
39005,0
39006,1
39007,0
39008,1
39009,0
39010,1
39011,0
39012,1
39013,0
39014,1
39015,0
39016,1
39017,0
39018,1
39019,0
39020,1
39021,0
39022,1
39023,0
39024,1
39025,0
39026,1
39027,0
39028,1
39029,0
39030,1
39031,0
39032,1
39033,0
39034,1
39035,0
39036,1
39037,0
39038,1
39039,0
39040,1
39041,0
39042,1
39043,0
39044,1
39045,0
39046,1
39047,0
39048,1
39049,0
39050,1
39051,0
39052,1
39053,0
39054,1
39055,0
39056,1
39057,0
39058,1
39059,0
39060,1
39061,0
39062,1
39063,0
39064,1
39065,0
39066,1
39067,0
39068,1
39069,0
39070,1
39071,0
39072,1
39073,0
39074,1
39075,0
39076,1
39077,0
39078,1
39079,0
39080,1
39081,0
39082,1
39083,0
39084,1
39085,0
39086,1
39087,0
39088,1
39089,0
39090,1
39091,0
39092,1
39093,0
39094,1
39095,0
39096,1
39097,0
39098,1
39099,0
39100,1
39101,0
39102,1
39103,0
39104,1
39105,0
39106,1
39107,0
39108,1
39109,0
39110,1
39111,0
39112,1
39113,0
39114,1
39115,0
39116,1
39117,0
39118,1
39119,0
39120,1
39121,0
39122,1
39123,0
39124,1
39125,0
39126,1
39127,0
39128,1
39129,0
39130,1
39131,0
39132,1
39133,0
39134,1
39135,0
39136,1
39137,0
39138,1
39139,0
39140,1
39141,0
39142,1
39143,0
39144,1
39145,0
39146,1
39147,0
39148,1
39149,0
39150,1
39151,0
39152,1
39153,0
39154,1
39155,0
39156,1
39157,0
39158,1
39159,0
39160,1
39161,0
39162,1
39163,0
39164,1
39165,0
39166,1
39167,0
39168,1
39169,0
39170,1
39171,0
39172,1
39173,0
39174,1
39175,0
39176,1
39177,0
39178,1
39179,0
39180,1
39181,0
39182,1
39183,0
39184,1
39185,0
39186,1
39187,0
39188,1
39189,0
39190,1
39191,0
39192,1
39193,0
39194,1
39195,0
39196,1
39197,0
39198,1
39199,0
39200,1
39201,0
39202,1
39203,0
39204,1
39205,0
39206,1
39207,0
39208,1
39209,0
39210,1
39211,0
39212,1
39213,0
39214,1
39215,0
39216,1
39217,0
39218,1
39219,0
39220,1
39221,0
39222,1
39223,0
39224,1
39225,0
39226,1
39227,0
39228,1
39229,0
39230,1
39231,0
39232,1
39233,0
39234,1
39235,0
39236,1
39237,0
39238,1
39239,0
39240,1
39241,0
39242,1
39243,0
39244,1
39245,0
39246,1
39247,0
39248,1
39249,0
39250,1
39251,0
39252,1
39253,0
39254,1
39255,0
39256,1
39257,0
39258,1
39259,0
39260,1
39261,0
39262,1
39263,0
39264,1
39265,0
39266,1
39267,0
39268,1
39269,0
39270,1
39271,0
39272,1
39273,0
39274,1
39275,0
39276,1
39277,0
39278,1
39279,0
39280,1
39281,0
39282,1
39283,0
39284,1
39285,0
39286,1
39287,0
39288,1
39289,0
39290,1
39291,0
39292,1
39293,0
39294,1
39295,0
39296,1
39297,0
39298,1
39299,0
39300,1
39301,0
39302,1
39303,0
39304,1
39305,0
39306,1
39307,0
39308,1
39309,0
39310,1
39311,0
39312,1
39313,0
39314,1
39315,0
39316,1
39317,0
39318,1
39319,0
39320,1
39321,0
39322,1
39323,0
39324,1
39325,0
39326,1
39327,0
39328,1
39329,0
39330,1
39331,0
39332,1
39333,0
39334,1
39335,0
39336,1
39337,0
39338,1
39339,0
39340,1
39341,0
39342,1
39343,0
39344,1
39345,0
39346,1
39347,0
39348,1
39349,0
39350,1
39351,0
39352,1
39353,0
39354,1
39355,0
39356,1
39357,0
39358,1
39359,0
39360,1
39361,0
39362,1
39363,0
39364,1
39365,0
39366,1
39367,0
39368,1
39369,0
39370,1
39371,0
39372,1
39373,0
39374,1
39375,0
39376,1
39377,0
39378,1
39379,0
39380,1
39381,0
39382,1
39383,0
39384,1
39385,0
39386,1
39387,0
39388,1
39389,0
39390,1
39391,0
39392,1
39393,0
39394,1
39395,0
39396,1
39397,0
39398,1
39399,0
39400,1
39401,0
39402,1
39403,0
39404,1
39405,0
39406,1
39407,0
39408,1
39409,0
39410,1
39411,0
39412,1
39413,0
39414,1
39415,0
39416,1
39417,0
39418,1
39419,0
39420,1
39421,0
39422,1
39423,0
39424,1
39425,0
39426,1
39427,0
39428,1
39429,0
39430,1
39431,0
39432,1
39433,0
39434,1
39435,0
39436,1
39437,0
39438,1
39439,0
39440,1
39441,0
39442,1
39443,0
39444,1
39445,0
39446,1
39447,0
39448,1
39449,0
39450,1
39451,0
39452,1
39453,0
39454,1
39455,0
39456,1
39457,0
39458,1
39459,0
39460,1
39461,0
39462,1
39463,0
39464,1
39465,0
39466,1
39467,0
39468,1
39469,0
39470,1
39471,0
39472,1
39473,0
39474,1
39475,0
39476,1
39477,0
39478,1
39479,0
39480,1
39481,0
39482,1
39483,0
39484,1
39485,0
39486,1
39487,0
39488,1
39489,0
39490,1
39491,0
39492,1
39493,0
39494,1
39495,0
39496,1
39497,0
39498,1
39499,0
39500,1
39501,0
39502,1
39503,0
39504,1
39505,0
39506,1
39507,0
39508,1
39509,0
39510,1
39511,0
39512,1
39513,0
39514,1
39515,0
39516,1
39517,0
39518,1
39519,0
39520,1
39521,0
39522,1
39523,0
39524,1
39525,0
39526,1
39527,0
39528,1
39529,0
39530,1
39531,0
39532,1
39533,0
39534,1
39535,0
39536,1
39537,0
39538,1
39539,0
39540,1
39541,0
39542,1
39543,0
39544,1
39545,0
39546,1
39547,0
39548,1
39549,0
39550,1
39551,0
39552,1
39553,0
39554,1
39555,0
39556,1
39557,0
39558,1
39559,0
39560,1
39561,0
39562,1
39563,0
39564,1
39565,0
39566,1
39567,0
39568,1
39569,0
39570,1
39571,0
39572,1
39573,0
39574,1
39575,0
39576,1
39577,0
39578,1
39579,0
39580,1
39581,0
39582,1
39583,0
39584,1
39585,0
39586,1
39587,0
39588,1
39589,0
39590,1
39591,0
39592,1
39593,0
39594,1
39595,0
39596,1
39597,0
39598,1
39599,0
39600,1
39601,0
39602,1
39603,0
39604,1
39605,0
39606,1
39607,0
39608,1
39609,0
39610,1
39611,0
39612,1
39613,0
39614,1
39615,0
39616,1
39617,0
39618,1
39619,0
39620,1
39621,0
39622,1
39623,0
39624,1
39625,0
39626,1
39627,0
39628,1
39629,0
39630,1
39631,0
39632,1
39633,0
39634,1
39635,0
39636,1
39637,0
39638,1
39639,0
39640,1
39641,0
39642,1
39643,0
39644,1
39645,0
39646,1
39647,0
39648,1
39649,0
39650,1
39651,0
39652,1
39653,0
39654,1
39655,0
39656,1
39657,0
39658,1
39659,0
39660,1
39661,0
39662,1
39663,0
39664,1
39665,0
39666,1
39667,0
39668,1
39669,0
39670,1
39671,0
39672,1
39673,0
39674,1
39675,0
39676,1
39677,0
39678,1
39679,0
39680,1
39681,0
39682,1
39683,0
39684,1
39685,0
39686,1
39687,0
39688,1
39689,0
39690,1
39691,0
39692,1
39693,0
39694,1
39695,0
39696,1
39697,0
39698,1
39699,0
39700,1
39701,0
39702,1
39703,0
39704,1
39705,0
39706,1
39707,0
39708,1
39709,0
39710,1
39711,0
39712,1
39713,0
39714,1
39715,0
39716,1
39717,0
39718,1
39719,0
39720,1
39721,0
39722,1
39723,0
39724,1
39725,0
39726,1
39727,0
39728,1
39729,0
39730,1
39731,0
39732,1
39733,0
39734,1
39735,0
39736,1
39737,0
39738,1
39739,0
39740,1
39741,0
39742,1
39743,0
39744,1
39745,0
39746,1
39747,0
39748,1
39749,0
39750,1
39751,0
39752,1
39753,0
39754,1
39755,0
39756,1
39757,0
39758,1
39759,0
39760,1
39761,0
39762,1
39763,0
39764,1
39765,0
39766,1
39767,0
39768,1
39769,0
39770,1
39771,0
39772,1
39773,0
39774,1
39775,0
39776,1
39777,0
39778,1
39779,0
39780,1
39781,0
39782,1
39783,0
39784,1
39785,0
39786,1
39787,0
39788,1
39789,0
39790,1
39791,0
39792,1
39793,0
39794,1
39795,0
39796,1
39797,0
39798,1
39799,0
39800,1
39801,0
39802,1
39803,0
39804,1
39805,0
39806,1
39807,0
39808,1
39809,0
39810,1
39811,0
39812,1
39813,0
39814,1
39815,0
39816,1
39817,0
39818,1
39819,0
39820,1
39821,0
39822,1
39823,0
39824,1
39825,0
39826,1
39827,0
39828,1
39829,0
39830,1
39831,0
39832,1
39833,0
39834,1
39835,0
39836,1
39837,0
39838,1
39839,0
39840,1
39841,0
39842,1
39843,0
39844,1
39845,0
39846,1
39847,0
39848,1
39849,0
39850,1
39851,0
39852,1
39853,0
39854,1
39855,0
39856,1
39857,0
39858,1
39859,0
39860,1
39861,0
39862,1
39863,0
39864,1
39865,0
39866,1
39867,0
39868,1
39869,0
39870,1
39871,0
39872,1
39873,0
39874,1
39875,0
39876,1
39877,0
39878,1
39879,0
39880,1
39881,0
39882,1
39883,0
39884,1
39885,0
39886,1
39887,0
39888,1
39889,0
39890,1
39891,0
39892,1
39893,0
39894,1
39895,0
39896,1
39897,0
39898,1
39899,0
39900,1
39901,0
39902,1
39903,0
39904,1
39905,0
39906,1
39907,0
39908,1
39909,0
39910,1
39911,0
39912,1
39913,0
39914,1
39915,0
39916,1
39917,0
39918,1
39919,0
39920,1
39921,0
39922,1
39923,0
39924,1
39925,0
39926,1
39927,0
39928,1
39929,0
39930,1
39931,0
39932,1
39933,0
39934,1
39935,0
39936,1
39937,0
39938,1
39939,0
39940,1
39941,0
39942,1
39943,0
39944,1
39945,0
39946,1
39947,0
39948,1
39949,0
39950,1
39951,0
39952,1
39953,0
39954,1
39955,0
39956,1
39957,0
39958,1
39959,0
39960,1
39961,0
39962,1
39963,0
39964,1
39965,0
39966,1
39967,0
39968,1
39969,0
39970,1
39971,0
39972,1
39973,0
39974,1
39975,0
39976,1
39977,0
39978,1
39979,0
39980,1
39981,0
39982,1
39983,0
39984,1
39985,0
39986,1
39987,0
39988,1
39989,0
39990,1
39991,0
39992,1
39993,0
39994,1
39995,0
39996,1
39997,0
39998,1
39999,0
40000,1
40001,0
40002,1
40003,0
40004,1
40005,0
40006,1
40007,0
40008,1
40009,0
40010,1
40011,0
40012,1
40013,0
40014,1
40015,0
40016,1
40017,0
40018,1
40019,0
40020,1
40021,0
40022,1
40023,0
40024,1
40025,0
40026,1
40027,0
40028,1
40029,0
40030,1
40031,0
40032,1
40033,0
40034,1
40035,0
40036,1
40037,0
40038,1
40039,0
40040,1
40041,0
40042,1
40043,0
40044,1
40045,0
40046,1
40047,0
40048,1
40049,0
40050,1
40051,0
40052,1
40053,0
40054,1
40055,0
40056,1
40057,0
40058,1
40059,0
40060,1
40061,0
40062,1
40063,0
40064,1
40065,0
40066,1
40067,0
40068,1
40069,0
40070,1
40071,0
40072,1
40073,0
40074,1
40075,0
40076,1
40077,0
40078,1
40079,0
40080,1
40081,0
40082,1
40083,0
40084,1
40085,0
40086,1
40087,0
40088,1
40089,0
40090,1
40091,0
40092,1
40093,0
40094,1
40095,0
40096,1
40097,0
40098,1
40099,0
40100,1
40101,0
40102,1
40103,0
40104,1
40105,0
40106,1
40107,0
40108,1
40109,0
40110,1
40111,0
40112,1
40113,0
40114,1
40115,0
40116,1
40117,0
40118,1
40119,0
40120,1
40121,0
40122,1
40123,0
40124,1
40125,0
40126,1
40127,0
40128,1
40129,0
40130,1
40131,0
40132,1
40133,0
40134,1
40135,0
40136,1
40137,0
40138,1
40139,0
40140,1
40141,0
40142,1
40143,0
40144,1
40145,0
40146,1
40147,0
40148,1
40149,0
40150,1
40151,0
40152,1
40153,0
40154,1
40155,0
40156,1
40157,0
40158,1
40159,0
40160,1
40161,0
40162,1
40163,0
40164,1
40165,0
40166,1
40167,0
40168,1
40169,0
40170,1
40171,0
40172,1
40173,0
40174,1
40175,0
40176,1
40177,0
40178,1
40179,0
40180,1
40181,0
40182,1
40183,0
40184,1
40185,0
40186,1
40187,0
40188,1
40189,0
40190,1
40191,0
40192,1
40193,0
40194,1
40195,0
40196,1
40197,0
40198,1
40199,0
40200,1
40201,0
40202,1
40203,0
40204,1
40205,0
40206,1
40207,0
40208,1
40209,0
40210,1
40211,0
40212,1
40213,0
40214,1
40215,0
40216,1
40217,0
40218,1
40219,0
40220,1
40221,0
40222,1
40223,0
40224,1
40225,0
40226,1
40227,0
40228,1
40229,0
40230,1
40231,0
40232,1
40233,0
40234,1
40235,0
40236,1
40237,0
40238,1
40239,0
40240,1
40241,0
40242,1
40243,0
40244,1
40245,0
40246,1
40247,0
40248,1
40249,0
40250,1
40251,0
40252,1
40253,0
40254,1
40255,0
40256,1
40257,0
40258,1
40259,0
40260,1
40261,0
40262,1
40263,0
40264,1
40265,0
40266,1
40267,0
40268,1
40269,0
40270,1
40271,0
40272,1
40273,0
40274,1
40275,0
40276,1
40277,0
40278,1
40279,0
40280,1
40281,0
40282,1
40283,0
40284,1
40285,0
40286,1
40287,0
40288,1
40289,0
40290,1
40291,0
40292,1
40293,0
40294,1
40295,0
40296,1
40297,0
40298,1
40299,0
40300,1
40301,0
40302,1
40303,0
40304,1
40305,0
40306,1
40307,0
40308,1
40309,0
40310,1
40311,0
40312,1
40313,0
40314,1
40315,0
40316,1
40317,0
40318,1
40319,0
40320,1
40321,0
40322,1
40323,0
40324,1
40325,0
40326,1
40327,0
40328,1
40329,0
40330,1
40331,0
40332,1
40333,0
40334,1
40335,0
40336,1
40337,0
40338,1
40339,0
40340,1
40341,0
40342,1
40343,0
40344,1
40345,0
40346,1
40347,0
40348,1
40349,0
40350,1
40351,0
40352,1
40353,0
40354,1
40355,0
40356,1
40357,0
40358,1
40359,0
40360,1
40361,0
40362,1
40363,0
40364,1
40365,0
40366,1
40367,0
40368,1
40369,0
40370,1
40371,0
40372,1
40373,0
40374,1
40375,0
40376,1
40377,0
40378,1
40379,0
40380,1
40381,0
40382,1
40383,0
40384,1
40385,0
40386,1
40387,0
40388,1
40389,0
40390,1
40391,0
40392,1
40393,0
40394,1
40395,0
40396,1
40397,0
40398,1
40399,0
40400,1
40401,0
40402,1
40403,0
40404,1
40405,0
40406,1
40407,0
40408,1
40409,0
40410,1
40411,0
40412,1
40413,0
40414,1
40415,0
40416,1
40417,0
40418,1
40419,0
40420,1
40421,0
40422,1
40423,0
40424,1
40425,0
40426,1
40427,0
40428,1
40429,0
40430,1
40431,0
40432,1
40433,0
40434,1
40435,0
40436,1
40437,0
40438,1
40439,0
40440,1
40441,0
40442,1
40443,0
40444,1
40445,0
40446,1
40447,0
40448,1
40449,0
40450,1
40451,0
40452,1
40453,0
40454,1
40455,0
40456,1
40457,0
40458,1
40459,0
40460,1
40461,0
40462,1
40463,0
40464,1
40465,0
40466,1
40467,0
40468,1
40469,0
40470,1
40471,0
40472,1
40473,0
40474,1
40475,0
40476,1
40477,0
40478,1
40479,0
40480,1
40481,0
40482,1
40483,0
40484,1
40485,0
40486,1
40487,0
40488,1
40489,0
40490,1
40491,0
40492,1
40493,0
40494,1
40495,0
40496,1
40497,0
40498,1
40499,0
40500,1
40501,0
40502,1
40503,0
40504,1
40505,0
40506,1
40507,0
40508,1
40509,0
40510,1
40511,0
40512,1
40513,0
40514,1
40515,0
40516,1
40517,0
40518,1
40519,0
40520,1
40521,0
40522,1
40523,0
40524,1
40525,0
40526,1
40527,0
40528,1
40529,0
40530,1
40531,0
40532,1
40533,0
40534,1
40535,0
40536,1
40537,0
40538,1
40539,0
40540,1
40541,0
40542,1
40543,0
40544,1
40545,0
40546,1
40547,0
40548,1
40549,0
40550,1
40551,0
40552,1
40553,0
40554,1
40555,0
40556,1
40557,0
40558,1
40559,0
40560,1
40561,0
40562,1
40563,0
40564,1
40565,0
40566,1
40567,0
40568,1
40569,0
40570,1
40571,0
40572,1
40573,0
40574,1
40575,0
40576,1
40577,0
40578,1
40579,0
40580,1
40581,0
40582,1
40583,0
40584,1
40585,0
40586,1
40587,0
40588,1
40589,0
40590,1
40591,0
40592,1
40593,0
40594,1
40595,0
40596,1
40597,0
40598,1
40599,0
40600,1
40601,0
40602,1
40603,0
40604,1
40605,0
40606,1
40607,0
40608,1
40609,0
40610,1
40611,0
40612,1
40613,0
40614,1
40615,0
40616,1
40617,0
40618,1
40619,0
40620,1
40621,0
40622,1
40623,0
40624,1
40625,0
40626,1
40627,0
40628,1
40629,0
40630,1
40631,0
40632,1
40633,0
40634,1
40635,0
40636,1
40637,0
40638,1
40639,0
40640,1
40641,0
40642,1
40643,0
40644,1
40645,0
40646,1
40647,0
40648,1
40649,0
40650,1
40651,0
40652,1
40653,0
40654,1
40655,0
40656,1
40657,0
40658,1
40659,0
40660,1
40661,0
40662,1
40663,0
40664,1
40665,0
40666,1
40667,0
40668,1
40669,0
40670,1
40671,0
40672,1
40673,0
40674,1
40675,0
40676,1
40677,0
40678,1
40679,0
40680,1
40681,0
40682,1
40683,0
40684,1
40685,0
40686,1
40687,0
40688,1
40689,0
40690,1
40691,0
40692,1
40693,0
40694,1
40695,0
40696,1
40697,0
40698,1
40699,0
40700,1
40701,0
40702,1
40703,0
40704,1
40705,0
40706,1
40707,0
40708,1
40709,0
40710,1
40711,0
40712,1
40713,0
40714,1
40715,0
40716,1
40717,0
40718,1
40719,0
40720,1
40721,0
40722,1
40723,0
40724,1
40725,0
40726,1
40727,0
40728,1
40729,0
40730,1
40731,0
40732,1
40733,0
40734,1
40735,0
40736,1
40737,0
40738,1
40739,0
40740,1
40741,0
40742,1
40743,0
40744,1
40745,0
40746,1
40747,0
40748,1
40749,0
40750,1
40751,0
40752,1
40753,0
40754,1
40755,0
40756,1
40757,0
40758,1
40759,0
40760,1
40761,0
40762,1
40763,0
40764,1
40765,0
40766,1
40767,0
40768,1
40769,0
40770,1
40771,0
40772,1
40773,0
40774,1
40775,0
40776,1
40777,0
40778,1
40779,0
40780,1
40781,0
40782,1
40783,0
40784,1
40785,0
40786,1
40787,0
40788,1
40789,0
40790,1
40791,0
40792,1
40793,0
40794,1
40795,0
40796,1
40797,0
40798,1
40799,0
40800,1
40801,0
40802,1
40803,0
40804,1
40805,0
40806,1
40807,0
40808,1
40809,0
40810,1
40811,0
40812,1
40813,0
40814,1
40815,0
40816,1
40817,0
40818,1
40819,0
40820,1
40821,0
40822,1
40823,0
40824,1
40825,0
40826,1
40827,0
40828,1
40829,0
40830,1
40831,0
40832,1
40833,0
40834,1
40835,0
40836,1
40837,0
40838,1
40839,0
40840,1
40841,0
40842,1
40843,0
40844,1
40845,0
40846,1
40847,0
40848,1
40849,0
40850,1
40851,0
40852,1
40853,0
40854,1
40855,0
40856,1
40857,0
40858,1
40859,0
40860,1
40861,0
40862,1
40863,0
40864,1
40865,0
40866,1
40867,0
40868,1
40869,0
40870,1
40871,0
40872,1
40873,0
40874,1
40875,0
40876,1
40877,0
40878,1
40879,0
40880,1
40881,0
40882,1
40883,0
40884,1
40885,0
40886,1
40887,0
40888,1
40889,0
40890,1
40891,0
40892,1
40893,0
40894,1
40895,0
40896,1
40897,0
40898,1
40899,0
40900,1
40901,0
40902,1
40903,0
40904,1
40905,0
40906,1
40907,0
40908,1
40909,0
40910,1
40911,0
40912,1
40913,0
40914,1
40915,0
40916,1
40917,0
40918,1
40919,0
40920,1
40921,0
40922,1
40923,0
40924,1
40925,0
40926,1
40927,0
40928,1
40929,0
40930,1
40931,0
40932,1
40933,0
40934,1
40935,0
40936,1
40937,0
40938,1
40939,0
40940,1
40941,0
40942,1
40943,0
40944,1
40945,0
40946,1
40947,0
40948,1
40949,0
40950,1
40951,0
40952,1
40953,0
40954,1
40955,0
40956,1
40957,0
40958,1
40959,0
40960,1
40961,0
40962,1
40963,0
40964,1
40965,0
40966,1
40967,0
40968,1
40969,0
40970,1
40971,0
40972,1
40973,0
40974,1
40975,0
40976,1
40977,0
40978,1
40979,0
40980,1
40981,0
40982,1
40983,0
40984,1
40985,0
40986,1
40987,0
40988,1
40989,0
40990,1
40991,0
40992,1
40993,0
40994,1
40995,0
40996,1
40997,0
40998,1
40999,0
41000,1
41001,0
41002,1
41003,0
41004,1
41005,0
41006,1
41007,0
41008,1
41009,0
41010,1
41011,0
41012,1
41013,0
41014,1
41015,0
41016,1
41017,0
41018,1
41019,0
41020,1
41021,0
41022,1
41023,0
41024,1
41025,0
41026,1
41027,0
41028,1
41029,0
41030,1
41031,0
41032,1
41033,0
41034,1
41035,0
41036,1
41037,0
41038,1
41039,0
41040,1
41041,0
41042,1
41043,0
41044,1
41045,0
41046,1
41047,0
41048,1
41049,0
41050,1
41051,0
41052,1
41053,0
41054,1
41055,0
41056,1
41057,0
41058,1
41059,0
41060,1
41061,0
41062,1
41063,0
41064,1
41065,0
41066,1
41067,0
41068,1
41069,0
41070,1
41071,0
41072,1
41073,0
41074,1
41075,0
41076,1
41077,0
41078,1
41079,0
41080,1
41081,0
41082,1
41083,0
41084,1
41085,0
41086,1
41087,0
41088,1
41089,0
41090,1
41091,0
41092,1
41093,0
41094,1
41095,0
41096,1
41097,0
41098,1
41099,0
41100,1
41101,0
41102,1
41103,0
41104,1
41105,0
41106,1
41107,0
41108,1
41109,0
41110,1
41111,0
41112,1
41113,0
41114,1
41115,0
41116,1
41117,0
41118,1
41119,0
41120,1
41121,0
41122,1
41123,0
41124,1
41125,0
41126,1
41127,0
41128,1
41129,0
41130,1
41131,0
41132,1
41133,0
41134,1
41135,0
41136,1
41137,0
41138,1
41139,0
41140,1
41141,0
41142,1
41143,0
41144,1
41145,0
41146,1
41147,0
41148,1
41149,0
41150,1
41151,0
41152,1
41153,0
41154,1
41155,0
41156,1
41157,0
41158,1
41159,0
41160,1
41161,0
41162,1
41163,0
41164,1
41165,0
41166,1
41167,0
41168,1
41169,0
41170,1
41171,0
41172,1
41173,0
41174,1
41175,0
41176,1
41177,0
41178,1
41179,0
41180,1
41181,0
41182,1
41183,0
41184,1
41185,0
41186,1
41187,0
41188,1
